,precision,recall,f1-score,support
0,0.7358490566037735,0.8478260869565217,0.7878787878787878,46.0
1,0.9551282051282052,0.9141104294478528,0.9341692789968652,163.0
accuracy,0.8995215311004785,0.8995215311004785,0.8995215311004785,0.8995215311004785
macro avg,0.8454886308659894,0.8809682582021873,0.8610240334378265,209.0
weighted avg,0.9068658088022536,0.8995215311004785,0.9019713718608291,209.0
